hypothesis,stage,seed,method,status,stop_reason,quant_bits,norm_type,position_type,compensation,data_split,precompression_output_error,orthogonality_error,mean_preservation_relative_error,output_threshold,setup_seconds,calibration_seconds,postcalibration_global_admission,extra_cayley_coordinates,postcalibration_admission_and_materialization_seconds,parameters_after_affine_absorption,recovery_seconds,recovery_batches_sha256,checkpoint_sha256,quality_reached,recovery_step_to_quality,calibration_steps,recovery_steps,censored_at_steps,shared_preparation_seconds,raw_packed_weight_and_scale_bytes,packing_seconds,total_seconds_to_quality,rotation_sha256,packed_sha256,task_loss,test_perplexity,logits_normalized_mse,latency_batch1,latency_batch8,peak_ram_bytes,peak_gpu_bytes,peak_gpu_reserved_bytes,driver_process_gpu_memory,total_seconds,final_quality_passed
H03,real,101,identity,complete,,4,LayerNorm_affine_absorbed,learned_positions,global_all12blocks_embeddings_positions_head,test,9.227959958313748e-07,0.0,0.0,1e-05,0.10473699999784003,0.6212602999985393,"{'precompression_output_error': 0.0, 'orthogonality_error': 0.0, 'mean_preservation_relative_error': 0.0, 'output_threshold': 1e-05}",0,0.062254600001324434,163049041,133.06187649999993,16be746aaf6307ae49634a414a679f0966b59878a07c26d740d0fc99a21c895b,d923a1bcb9873c513b69008b32948cd929b457bc432d584d221dc48447016924,True,10,50,200,,13.898602200002642,3566592,0.08593430000109947,26.578881700002967,d8463af4536d1e5af09f35139750ad22f6f5fdbd85847a2d6cfbff0b27d8b2a4,31bd7a46c65b4c1d32710b67ced3e4f36960966f45bcbb3583ea73da85bfe65a,3.7329742597665216,41.803257192755865,0.04285585195528918,"{'p50_ms': 14.271400451660156, 'p95_ms': 20.471235275268555, 'warmups': 30, 'synchronized_repeats': 200, 'batch_size': 1, 'context': 128}","{'p50_ms': 17.02359962463379, 'p95_ms': 24.242305755615234, 'warmups': 30, 'synchronized_repeats': 200, 'batch_size': 8, 'context': 128}",2267181056,4442106880,5066719232,unavailable_wddm,156.48113899999953,True
H03,real,101,hadamard,complete,,4,LayerNorm_affine_absorbed,learned_positions,global_all12blocks_embeddings_positions_head,test,1.205670022455115e-06,1.3990848894233446e-07,1.5762439524859375e-06,1e-05,0.1334564999997383,0.5448422999979812,"{'precompression_output_error': 1.3871499301919195e-06, 'orthogonality_error': 1.3990848894233446e-07, 'mean_preservation_relative_error': 1.5762439524859375e-06, 'output_threshold': 1e-05}",0,0.061833300002035685,163049041,132.5850203000009,16be746aaf6307ae49634a414a679f0966b59878a07c26d740d0fc99a21c895b,d83db25616f5390957cbbc239a9beb7a835f05a90dc53a6a419c5a6678f93dcf,True,10,50,200,,13.898602200002642,3566592,0.0698926000004576,27.98352320000413,b5cbaa3b1ad62551f9c89031cf13b3a4dcbe392d03adc45d0df10f4cc2a96847,01b6ed759c8817ed9237128682c604c45b01f47c7692dc9ea89911bf2ee2e99a,3.8657308052450334,47.738146976085254,0.0718936125045196,"{'p50_ms': 18.662200927734375, 'p95_ms': 20.88796615600586, 'warmups': 30, 'synchronized_repeats': 200, 'batch_size': 1, 'context': 128}","{'p50_ms': 16.59280014038086, 'p95_ms': 23.147165298461914, 'warmups': 30, 'synchronized_repeats': 200, 'batch_size': 8, 'context': 128}",2131546112,4457717760,5335154688,unavailable_wddm,153.13957329999903,True
H03,real,101,haar,complete,,4,LayerNorm_affine_absorbed,learned_positions,global_all12blocks_embeddings_positions_head,test,1.3897763884356107e-06,2.3352479653719154e-08,1.6309229277831487e-07,1e-05,0.11409260000073118,0.5097593999998935,"{'precompression_output_error': 1.3768454717623997e-06, 'orthogonality_error': 2.3352479653719154e-08, 'mean_preservation_relative_error': 1.6309229277831487e-07, 'output_threshold': 1e-05}",0,0.0658331000013277,163049041,128.58539729999757,16be746aaf6307ae49634a414a679f0966b59878a07c26d740d0fc99a21c895b,cbc7c36ba5b086b44c4f904aed9e32e488ae3e6863fdf8c07e0ddee8e11dc1fd,True,0,50,200,,13.898602200002642,3566592,0.08469369999875198,20.89720600000146,0522e90db9ad84acf1e465bc1f8c6e74d50e134ce8852b5fbca15bf1ef0abec3,f81d1445b92ef205867f9ed0d446185d1921f321f76584986b3f6770d2ba05cd,4.07888773759589,59.079721139082686,0.005109437447464508,"{'p50_ms': 18.116451263427734, 'p95_ms': 21.649105072021484, 'warmups': 30, 'synchronized_repeats': 200, 'batch_size': 1, 'context': 128}","{'p50_ms': 16.415050506591797, 'p95_ms': 19.932281494140625, 'warmups': 30, 'synchronized_repeats': 200, 'batch_size': 8, 'context': 128}",2147160064,4454882304,5114953728,unavailable_wddm,151.42036830000143,True
H03,real,101,procrustes,complete,,4,LayerNorm_affine_absorbed,learned_positions,global_all12blocks_embeddings_positions_head,test,2.4387142040055645e-06,2.377322042927214e-08,1.7713745635148531e-07,1e-05,0.1637025000018184,0.45986590000029537,"{'precompression_output_error': 1.098854748599484e-06, 'orthogonality_error': 2.377322042927214e-08, 'mean_preservation_relative_error': 1.7713745635148531e-07, 'output_threshold': 1e-05}",0,0.06681740000203717,163049041,127.19286140000258,16be746aaf6307ae49634a414a679f0966b59878a07c26d740d0fc99a21c895b,fd02bd07e3d712a65ee22c2e258b4fd1aa48540dfc88316def0ef85533641592,True,0,50,200,,13.898602200002642,3566592,0.08490199999869219,20.74123060000784,10d3275cb94678d06d1a883bd9b51807edf3aec5603e1ebf8aeffc0101403762,893cbaf2fdceee6334caa97a44c96437d6ebf46d8e96cfb519f09276dd94a2f3,4.074416930154024,58.816176649463195,0.00474659926219959,"{'p50_ms': 13.470649719238281, 'p95_ms': 14.381380081176758, 'warmups': 30, 'synchronized_repeats': 200, 'batch_size': 1, 'context': 128}","{'p50_ms': 16.85474967956543, 'p95_ms': 22.945005416870117, 'warmups': 30, 'synchronized_repeats': 200, 'batch_size': 8, 'context': 128}",2152902656,4450653184,5083496448,unavailable_wddm,146.86548369999946,True
H03,real,101,cayley,complete,,4,LayerNorm_affine_absorbed,learned_positions,global_all12blocks_embeddings_positions_head,test,9.227959958313748e-07,0.0,0.0,1e-05,0.10353409999879659,0.7604729000013322,"{'precompression_output_error': 1.8482717813493922e-06, 'orthogonality_error': 2.859713532643582e-08, 'mean_preservation_relative_error': 1.1276825876880727e-07, 'output_threshold': 1e-05}",293761,0.06826730000102543,163049041,134.1325762000015,16be746aaf6307ae49634a414a679f0966b59878a07c26d740d0fc99a21c895b,49976568674541fd2376bb75d4fe5da7f302bdae92a36eb8543fe307548df3a2,True,10,50,200,,13.898602200002642,3566592,0.09120940000138944,28.378578900006687,4f5ff365b4783298756b820e7d331f82457cdd9559f4ef99dd3d75e74a61c9db,1d4b16c8e01c96d1b490eb542685a8945b8d57a4657a024fd2d86df03e0bdf2f,3.776662332963757,43.670042161933125,0.04960076206027641,"{'p50_ms': 16.431400299072266, 'p95_ms': 17.90656089782715, 'warmups': 30, 'synchronized_repeats': 200, 'batch_size': 1, 'context': 128}","{'p50_ms': 19.62364959716797, 'p95_ms': 21.295635223388672, 'warmups': 30, 'synchronized_repeats': 200, 'batch_size': 8, 'context': 128}",2213945344,4454585344,5322571776,unavailable_wddm,155.99527560000206,True
H03,real,202,identity,complete,,4,LayerNorm_affine_absorbed,learned_positions,global_all12blocks_embeddings_positions_head,test,9.227959958313748e-07,0.0,0.0,1e-05,0.10846129999845289,0.48961319999943953,"{'precompression_output_error': 0.0, 'orthogonality_error': 0.0, 'mean_preservation_relative_error': 0.0, 'output_threshold': 1e-05}",0,0.06370089999836637,163049041,137.58780509999997,628fbd6406d44474beb58876a5bb906b453049ef4b5b9ab465930d85654e4866,79a3da4c16e0396767c119dd5254180d4617a8566d13277805dab67036ac6c2b,True,0,50,200,,13.898602200002642,3566592,0.0756757999988622,21.647020899999916,d8463af4536d1e5af09f35139750ad22f6f5fdbd85847a2d6cfbff0b27d8b2a4,c30929cb1a69ceff70626d6e84df5c31e13f7cfe4c23e3603f1d54df49da4660,4.085868842914353,59.4936059001767,0.004745531332341439,"{'p50_ms': 16.539749145507812, 'p95_ms': 18.800825119018555, 'warmups': 30, 'synchronized_repeats': 200, 'batch_size': 1, 'context': 128}","{'p50_ms': 19.445449829101562, 'p95_ms': 22.145090103149414, 'warmups': 30, 'synchronized_repeats': 200, 'batch_size': 8, 'context': 128}",2214174720,4459932672,5135925248,unavailable_wddm,158.87886459999936,False
H03,real,202,hadamard,complete,,4,LayerNorm_affine_absorbed,learned_positions,global_all12blocks_embeddings_positions_head,test,1.205670022455115e-06,1.3990848894233446e-07,1.5762439524859375e-06,1e-05,0.11824680000063381,0.49162449999857927,"{'precompression_output_error': 1.4761568956476687e-06, 'orthogonality_error': 1.3990848894233446e-07, 'mean_preservation_relative_error': 1.5762439524859375e-06, 'output_threshold': 1e-05}",0,0.06704059999901801,163049041,132.7069861000018,628fbd6406d44474beb58876a5bb906b453049ef4b5b9ab465930d85654e4866,732bd4223781e82b30071cbc9cc125cbc086dd3d3867860a665c6cfc158259e2,True,0,50,200,,13.898602200002642,3566592,0.09372060000168858,21.57285970000521,b5cbaa3b1ad62551f9c89031cf13b3a4dcbe392d03adc45d0df10f4cc2a96847,e56d5a87fc7cb88c4b28276b3f68932612f4b30fda074bedccdc3024f3e5b3f6,4.074455815306319,58.81846376991682,0.004890620003437434,"{'p50_ms': 13.554450035095215, 'p95_ms': 16.031949996948242, 'warmups': 30, 'synchronized_repeats': 200, 'batch_size': 1, 'context': 128}","{'p50_ms': 16.416749954223633, 'p95_ms': 17.204256057739258, 'warmups': 30, 'synchronized_repeats': 200, 'batch_size': 8, 'context': 128}",2214371328,4457717760,5335154688,unavailable_wddm,151.51915369999915,True
H03,real,202,haar,complete,,4,LayerNorm_affine_absorbed,learned_positions,global_all12blocks_embeddings_positions_head,test,1.0876358018816092e-06,2.317700875664741e-08,1.7903369652279882e-07,1e-05,0.10328949999893666,0.48283100000116974,"{'precompression_output_error': 1.0152635071444942e-06, 'orthogonality_error': 2.317700875664741e-08, 'mean_preservation_relative_error': 1.7903369652279882e-07, 'output_threshold': 1e-05}",0,0.062191200002416736,163049041,126.02905370000008,628fbd6406d44474beb58876a5bb906b453049ef4b5b9ab465930d85654e4866,05a7cf00a3898f5cb786e2c539901b263feb9c6c47dc88f159a3915af3f88c5c,True,0,50,200,,13.898602200002642,3566592,0.08558889999767416,21.120640800003457,18ebc475a0dc2febb30422e891a0e026781755d48c5f3f321757c3ea2b68444d,4b3e15f4ee1146c21e87c3d4996aaf728c764c5641690000c5ea5ed5383aca3b,4.082423928015122,59.28900810413777,0.004856677166699577,"{'p50_ms': 13.384649276733398, 'p95_ms': 15.695355415344238, 'warmups': 30, 'synchronized_repeats': 200, 'batch_size': 1, 'context': 128}","{'p50_ms': 17.834850311279297, 'p95_ms': 21.91542625427246, 'warmups': 30, 'synchronized_repeats': 200, 'batch_size': 8, 'context': 128}",2215276544,4457075712,5114953728,unavailable_wddm,145.5422034000003,True
H03,real,202,procrustes,complete,,4,LayerNorm_affine_absorbed,learned_positions,global_all12blocks_embeddings_positions_head,test,1.8161396826242925e-06,2.3689006904229853e-08,2.1255928641963367e-07,1e-05,0.16820840000218595,0.5061227000005601,"{'precompression_output_error': 2.0415896942820422e-06, 'orthogonality_error': 2.3689006904229853e-08, 'mean_preservation_relative_error': 2.1255928641963367e-07, 'output_threshold': 1e-05}",0,0.07500230000005104,163049041,140.16963180000312,628fbd6406d44474beb58876a5bb906b453049ef4b5b9ab465930d85654e4866,6337b1d4ac3a7e9da64671ac0a0d5f897fbb38f7bf50d0148256e25cf82a6be7,True,0,50,200,,13.898602200002642,3566592,0.08785600000192062,21.94757880000907,cd5b1854bf0ca9ea04a1a90b2fc9521d2e0902a209f035bfe66e87fc036b1a5d,d48d5803d39c578ebbbf20281afd75a3ad5f21342a6318bfa9ecd79276db995b,4.082157141158322,59.27319268578956,0.005173512267921351,"{'p50_ms': 14.512200355529785, 'p95_ms': 18.838319778442383, 'warmups': 30, 'synchronized_repeats': 200, 'batch_size': 1, 'context': 128}","{'p50_ms': 19.563650131225586, 'p95_ms': 21.728479385375977, 'warmups': 30, 'synchronized_repeats': 200, 'batch_size': 8, 'context': 128}",2214350848,4450653184,5083496448,unavailable_wddm,161.50347379999948,True
H03,real,202,cayley,complete,,4,LayerNorm_affine_absorbed,learned_positions,global_all12blocks_embeddings_positions_head,test,9.227959958313748e-07,0.0,0.0,1e-05,0.10922849999769824,0.8860120999997889,"{'precompression_output_error': 1.1000983470342236e-06, 'orthogonality_error': 2.8111612001187798e-08, 'mean_preservation_relative_error': 1.0475067557906132e-07, 'output_threshold': 1e-05}",293761,0.07470420000026934,163049041,134.801711600001,628fbd6406d44474beb58876a5bb906b453049ef4b5b9ab465930d85654e4866,c5e47cb9c0bc69e08df527172cdb3cb0876b2672af5941c68b2e9ab52aad79a5,True,10,50,200,,13.898602200002642,3566592,0.08424109999759821,29.138361699999223,a1d9afd8df837ca10b576fc7738bcb1402130140a83d995f8c964ee5d32e8e65,bf08462020e0730ad12a64ef984af1d6a06b0a5c880096eaccf7a0fe8dc06f4b,3.780463679745847,43.83636305759856,0.08746855175531626,"{'p50_ms': 17.737998962402344, 'p95_ms': 21.491174697875977, 'warmups': 30, 'synchronized_repeats': 200, 'batch_size': 1, 'context': 128}","{'p50_ms': 21.162250518798828, 'p95_ms': 25.120874404907227, 'warmups': 30, 'synchronized_repeats': 200, 'batch_size': 8, 'context': 128}",2214326272,4454585344,5322571776,unavailable_wddm,157.81776660000105,True
H03,real,303,identity,complete,,4,LayerNorm_affine_absorbed,learned_positions,global_all12blocks_embeddings_positions_head,test,9.227959958313748e-07,0.0,0.0,1e-05,0.10959990000264952,0.49123840000174823,"{'precompression_output_error': 0.0, 'orthogonality_error': 0.0, 'mean_preservation_relative_error': 0.0, 'output_threshold': 1e-05}",0,0.07383459999982733,163049041,131.38783890000195,1b2d6e60ea4254f71324c36398da379d243c4704084d522a322486783ef2161f,8aa8c12512a021773246aa993f532a9796376c74cb87ab40fbedcbfbe4199622,True,0,50,200,,13.898602200002642,3566592,0.09308330000203568,21.530021100010345,d8463af4536d1e5af09f35139750ad22f6f5fdbd85847a2d6cfbff0b27d8b2a4,4d12c0ad07c23a9657fbd8cbc35271ec017cf4ffc10824b19bfb31824a2481f7,4.083075442817485,59.32764835651643,0.005094782247591479,"{'p50_ms': 17.167499542236328, 'p95_ms': 22.068796157836914, 'warmups': 30, 'synchronized_repeats': 200, 'batch_size': 1, 'context': 128}","{'p50_ms': 16.203998565673828, 'p95_ms': 18.044475555419922, 'warmups': 30, 'synchronized_repeats': 200, 'batch_size': 8, 'context': 128}",2214379520,4459932672,5135925248,unavailable_wddm,151.40463850000015,True
H03,real,303,hadamard,complete,,4,LayerNorm_affine_absorbed,learned_positions,global_all12blocks_embeddings_positions_head,test,1.205670022455115e-06,1.3990848894233446e-07,1.5762439524859375e-06,1e-05,0.10594219999984489,0.4665304999980435,"{'precompression_output_error': 1.3491577942562014e-06, 'orthogonality_error': 1.3990848894233446e-07, 'mean_preservation_relative_error': 1.5762439524859375e-06, 'output_threshold': 1e-05}",0,0.06544840000060503,163049041,121.81803270000091,1b2d6e60ea4254f71324c36398da379d243c4704084d522a322486783ef2161f,967aeb8969f649d90fb5d1969d2e0f9f70a2e058de6ab2f05ceb0ccfec422c49,True,10,50,200,,13.898602200002642,3566592,0.07747829999789246,26.380665799999406,b5cbaa3b1ad62551f9c89031cf13b3a4dcbe392d03adc45d0df10f4cc2a96847,63291e6ca4774d3cc92e51a5e71e81a360e8b6594c11e6beee6e35b838211d93,3.8706096818004116,47.9716245932698,0.06871068906584969,"{'p50_ms': 13.450349807739258, 'p95_ms': 15.743910789489746, 'warmups': 30, 'synchronized_repeats': 200, 'batch_size': 1, 'context': 128}","{'p50_ms': 16.55664825439453, 'p95_ms': 23.615385055541992, 'warmups': 30, 'synchronized_repeats': 200, 'batch_size': 8, 'context': 128}",2214326272,4457717760,5335154688,unavailable_wddm,140.85610160000215,True
H03,real,303,haar,complete,,4,LayerNorm_affine_absorbed,learned_positions,global_all12blocks_embeddings_positions_head,test,1.7957750122104227e-06,2.325673875702705e-08,2.1833505817241157e-07,1e-05,0.11061639999752515,0.5307957000004535,"{'precompression_output_error': 1.2308517265383368e-06, 'orthogonality_error': 2.325673875702705e-08, 'mean_preservation_relative_error': 2.1833505817241157e-07, 'output_threshold': 1e-05}",0,0.06736439999804134,163049041,122.01208159999806,1b2d6e60ea4254f71324c36398da379d243c4704084d522a322486783ef2161f,035a60185de67f5494eee3e8e635b2194569cf176fa78c71ece23ee58661e1fe,True,0,50,200,,13.898602200002642,3566592,0.0931629000006069,21.157962499997666,f8204613b67e0792bc755b38491cc19f83744846bc8ece07de04587b5f3053a8,7694ba0ffe81a2ad3d4f70e8b250f3881cabab7ae446385c5defec3157689f02,4.081179815965897,59.215291799948226,0.004170673350524779,"{'p50_ms': 13.140899658203125, 'p95_ms': 16.178726196289062, 'warmups': 30, 'synchronized_repeats': 200, 'batch_size': 1, 'context': 128}","{'p50_ms': 19.967899322509766, 'p95_ms': 25.779541015625, 'warmups': 30, 'synchronized_repeats': 200, 'batch_size': 8, 'context': 128}",2214387712,4457075712,5114953728,unavailable_wddm,141.77999289999934,True
H03,real,303,procrustes,complete,,4,LayerNorm_affine_absorbed,learned_positions,global_all12blocks_embeddings_positions_head,test,2.0066303770260966e-06,2.3686631323016627e-08,1.9149344453654251e-07,1e-05,0.17381640000166954,0.5705998000012187,"{'precompression_output_error': 1.5426515359080887e-06, 'orthogonality_error': 2.3686631323016627e-08, 'mean_preservation_relative_error': 1.9149344453654251e-07, 'output_threshold': 1e-05}",0,0.07348150000325404,163049041,121.72116000000096,1b2d6e60ea4254f71324c36398da379d243c4704084d522a322486783ef2161f,95e26d245002f7a3081c02a1784f47758f547cfadb5834844666b399c5402541,True,0,50,200,,13.898602200002642,3566592,0.08941449999838369,20.97439540000778,bd90b1a68a6f0b6c307ad62a13b6f354209d7a54d64ca4ee459d6c1078275706,122eb569568ae464ad6fc0828e97171450eba788f2fa7d48f85021439e5e4088,4.08025955458679,59.160823320315274,0.004645096153839822,"{'p50_ms': 13.097700119018555, 'p95_ms': 13.982569694519043, 'warmups': 30, 'synchronized_repeats': 200, 'batch_size': 1, 'context': 128}","{'p50_ms': 16.570850372314453, 'p95_ms': 19.206464767456055, 'warmups': 30, 'synchronized_repeats': 200, 'batch_size': 8, 'context': 128}",2214334464,4450653184,5083496448,unavailable_wddm,140.69979450000028,True
H03,real,303,cayley,complete,,4,LayerNorm_affine_absorbed,learned_positions,global_all12blocks_embeddings_positions_head,test,9.227959958313748e-07,0.0,0.0,1e-05,0.09850839999853633,0.7861174999998184,"{'precompression_output_error': 1.1187612616184797e-06, 'orthogonality_error': 3.0351145596796414e-08, 'mean_preservation_relative_error': 9.85619150272144e-08, 'output_threshold': 1e-05}",293761,0.06694820000120671,163049041,138.51520829999936,1b2d6e60ea4254f71324c36398da379d243c4704084d522a322486783ef2161f,4b36e8a7ac32084e654381310b5a64809abf2ec5cc6b34cc8b404fd448512443,True,10,50,200,,13.898602200002642,3566592,0.09756120000020019,29.856144600002153,db8abf40c9a897c3779d21d4d5846e5f62bc6fb0590c3b9eb72b9d4d3deeac0f,f51775e33d0929a5bc68c84a679e8680dffa89c216f1fec887e7bee2014d7a74,3.7885426582247304,44.1919505490846,0.060101602176033206,"{'p50_ms': 13.884000778198242, 'p95_ms': 18.525287628173828, 'warmups': 30, 'synchronized_repeats': 200, 'batch_size': 1, 'context': 128}","{'p50_ms': 16.023048400878906, 'p95_ms': 17.219999313354492, 'warmups': 30, 'synchronized_repeats': 200, 'batch_size': 8, 'context': 128}",2215374848,4454585344,5322571776,unavailable_wddm,158.2252178000017,True
